{
  "id": 2,
  "name": "Operating Systems",
  "owner": 2,
  "members": [
    {
      "id": 1,
      "username": "testuser",
      "email": "t@t.com",
      "first_name": "Ragnar",
      "last_name": "Rebase",
      "avatar": null
    },
    {
      "id": 2,
      "username": "steveapple1",
      "email": "steve@gmail.com",
      "first_name": "Steve",
      "last_name": "Apple",
      "avatar": null
    }
  ],
  "labels": [],
  "columns": [
    {
      "id": 5,
      "title": "Exams",
      "tasks": [
        {
          "id": 5,
          "created": "2020-05-17T08:26:51.806330Z",
          "modified": "2020-05-17T09:02:10.724890Z",
          "title": "Security",
          "description": "Fundamentals of Security.",
          "task_order": 5,
          "priority": "L",
          "assignees": [],
          "labels": [],
          "column": 5
        },
        {
          "id": 6,
          "created": "2020-05-17T08:26:51.806330Z",
          "modified": "2020-05-17T09:02:10.724890Z",
          "title": "Bash",
          "description": "The basics of Bash.",
          "task_order": 6,
          "priority": "L",
          "assignees": [],
          "labels": [],
          "column": 5
        }
      ],
      "column_order": 5
    }
  ]
}
